is_number,title,description,domain,revision,status,allied_standards,normative_references,cross_references
IS 2062,Hot Rolled Medium and High Tensile Structural Steel,"Structural steel used for construction, bridges, buildings and engineering structures",Construction,2025,Active,IS 808,IS 1852,IS 800
IS 808,Dimensions for Hot Rolled Steel Beam Columns Channels and Angle Sections,"Dimensions and sectional properties of hot rolled steel structural sections",Construction,1989,Active,IS 2062,IS 1852,IS 800
IS 800,General Construction in Steel Code of Practice,"Code of practice for general construction in steel",Construction,2007,Active,IS 2062,IS 808,IS 875
IS 875,Design Loads for Buildings and Structures,"Code for design loads including dead loads live loads wind loads and other loads",Construction,1987,Active,IS 800,,IS 1893
IS 1893,Criteria for Earthquake Resistant Design of Structures,"Criteria for earthquake resistant design of structures",Construction,2016,Active,IS 800,,IS 13920
IS 456,Plain and Reinforced Concrete Code of Practice,"Code of practice for plain and reinforced concrete construction",Construction,2000,Active,IS 1786,,IS 10262
IS 1786,High Strength Deformed Steel Bars and Wires for Concrete Reinforcement,"Specification for high strength deformed steel bars and wires used for concrete reinforcement",Construction,2008,Active,IS 456,,IS 10262
IS 10262,Concrete Mix Proportioning Guidelines,"Guidelines for concrete mix proportioning and design",Construction,2019,Active,IS 456,IS 383,
IS 383,Coarse and Fine Aggregate for Concrete,"Specification for coarse and fine aggregates used in concrete",Construction,2016,Active,IS 456,,IS 10262
IS 1852,Rolling and Cutting Tolerances for Hot Rolled Steel Products,"Tolerances for dimensions and shape of hot rolled steel products",Steel,1985,Active,IS 2062,,IS 808
